;0
0;aurora
1;aurora
2;aurora
3;aurora
4;aurora
5;aurora
6;aurora
7;aurora
8;aurora
9;aurora
10;aurora
11;aurora
12;aurora
13;aurora
14;aurora
15;aurora
16;aurora
17;aurora
18;aurora
19;aurora
20;aurora
21;aurora
22;aurora
23;aurora
24;aurora
25;aurora
26;aurora
27;aurora
28;aurora
29;aurora
30;aurora
31;aurora
32;aurora
33;aurora
34;aurora
35;aurora
36;aurora
37;aurora
38;aurora
39;aurora
40;aurora
41;aurora
42;aurora
43;aurora
44;aurora
45;aurora
46;aurora
47;aurora
48;aurora
49;aurora
50;aurora
51;aurora
52;aurora
53;aurora
54;aurora
55;aurora
56;aurora
57;aurora
58;aurora
59;aurora
60;aurora
61;aurora
62;aurora
63;aurora
64;aurora
65;aurora
66;aurora
67;aurora
68;aurora
69;aurora
70;aurora
71;aurora
72;aurora
73;aurora
74;aurora
75;aurora
76;aurora
77;aurora
78;aurora
79;aurora
80;aurora
81;aurora
82;aurora
83;aurora
84;aurora
85;aurora
86;aurora
87;aurora
88;aurora
89;aurora
90;aurora
91;aurora
92;aurora
93;aurora
94;aurora
95;aurora
96;aurora
97;aurora
98;aurora
99;aurora
100;aurora
101;aurora
102;aurora
103;aurora
104;aurora
105;aurora
106;aurora
107;aurora
108;aurora
109;aurora
110;aurora
111;aurora
112;aurora
113;aurora
114;aurora
115;aurora
116;aurora
117;aurora
118;aurora
119;aurora
120;aurora
121;aurora
122;aurora
123;aurora
124;aurora
125;aurora
126;aurora
127;aurora
128;aurora
129;aurora
130;aurora
131;aurora
132;aurora
133;aurora
134;aurora
135;aurora
136;aurora
137;aurora
138;aurora
139;aurora
140;aurora
141;aurora
142;aurora
143;aurora
144;aurora
145;aurora
146;aurora
147;aurora
148;aurora
149;aurora
150;aurora
151;aurora
152;aurora
153;aurora
154;aurora
155;aurora
156;aurora
157;aurora
158;aurora
159;aurora
160;aurora
161;aurora
162;aurora
163;aurora
164;aurora
165;aurora
166;aurora
167;aurora
168;aurora
169;aurora
170;aurora
171;aurora
172;aurora
173;aurora
174;aurora
175;aurora
176;aurora
177;aurora
178;aurora
179;aurora
180;aurora
181;aurora
182;aurora
183;aurora
184;aurora
185;aurora
186;aurora
187;aurora
188;aurora
189;aurora
190;aurora
191;aurora
192;aurora
193;aurora
194;aurora
195;aurora
196;aurora
197;aurora
198;aurora
199;aurora
200;aurora
201;aurora
202;aurora
203;aurora
204;aurora
205;aurora
206;aurora
207;aurora
208;aurora
209;barriera-di-milano
210;barriera-di-milano
211;barriera-di-milano
212;barriera-di-milano
213;barriera-di-milano
214;barriera-di-milano
215;barriera-di-milano
216;barriera-di-milano
217;barriera-di-milano
218;barriera-di-milano
219;barriera-di-milano
220;barriera-di-milano
221;barriera-di-milano
222;barriera-di-milano
223;barriera-di-milano
224;barriera-di-milano
225;barriera-di-milano
226;barriera-di-milano
227;barriera-di-milano
228;barriera-di-milano
229;barriera-di-milano
230;barriera-di-milano
231;barriera-di-milano
232;barriera-di-milano
233;barriera-di-milano
234;barriera-di-milano
235;barriera-di-milano
236;barriera-di-milano
237;barriera-di-milano
238;barriera-di-milano
239;barriera-di-milano
240;barriera-di-milano
241;barriera-di-milano
242;barriera-di-milano
243;barriera-di-milano
244;barriera-di-milano
245;barriera-di-milano
246;barriera-di-milano
247;barriera-di-milano
248;barriera-di-milano
249;barriera-di-milano
250;barriera-di-milano
251;barriera-di-milano
252;barriera-di-milano
253;barriera-di-milano
254;barriera-di-milano
255;barriera-di-milano
256;barriera-di-milano
257;barriera-di-milano
258;barriera-di-milano
259;barriera-di-milano
260;barriera-di-milano
261;barriera-di-milano
262;barriera-di-milano
263;barriera-di-milano
264;barriera-di-milano
265;barriera-di-milano
266;barriera-di-milano
267;barriera-di-milano
268;barriera-di-milano
269;barriera-di-milano
270;barriera-di-milano
271;barriera-di-milano
272;barriera-di-milano
273;barriera-di-milano
274;barriera-di-milano
275;barriera-di-milano
276;barriera-di-milano
277;barriera-di-milano
278;barriera-di-milano
279;barriera-di-milano
280;barriera-di-milano
281;barriera-di-milano
282;barriera-di-milano
283;barriera-di-milano
284;barriera-di-milano
285;barriera-di-milano
286;barriera-di-milano
287;barriera-di-milano
288;barriera-di-milano
289;barriera-di-milano
290;barriera-di-milano
291;barriera-di-milano
292;barriera-di-milano
293;barriera-di-milano
294;barriera-di-milano
295;barriera-di-milano
296;barriera-di-milano
297;barriera-di-milano
298;barriera-di-milano
299;barriera-di-milano
300;barriera-di-milano
301;barriera-di-milano
302;barriera-di-milano
303;barriera-di-milano
304;barriera-di-milano
305;barriera-di-milano
306;barriera-di-milano
307;barriera-di-milano
308;barriera-di-milano
309;barriera-di-milano
310;barriera-di-milano
311;barriera-di-milano
312;barriera-di-milano
313;barriera-di-milano
314;barriera-di-milano
315;barriera-di-milano
316;barriera-di-milano
317;barriera-di-milano
318;barriera-di-milano
319;barriera-di-milano
320;rebaudengo
321;rebaudengo
322;rebaudengo
323;rebaudengo
324;rebaudengo
325;rebaudengo
326;rebaudengo
327;rebaudengo
328;rebaudengo
329;rebaudengo
330;rebaudengo
331;rebaudengo
332;rebaudengo
333;rebaudengo
334;rebaudengo
335;rebaudengo
336;rebaudengo
337;rebaudengo
338;rebaudengo
339;rebaudengo
340;rebaudengo
341;rebaudengo
342;rebaudengo
343;rebaudengo
344;barriera-di-lanzo
345;barriera-di-lanzo
346;barriera-di-lanzo
347;barriera-di-lanzo
348;barriera-di-lanzo
349;barriera-di-lanzo
350;barriera-di-lanzo
351;barriera-di-lanzo
352;falchera
353;falchera
354;falchera
355;falchera
356;falchera
357;falchera
358;falchera
359;falchera
360;falchera
361;falchera
362;barca
363;barca
364;barca
365;barca
366;barca
367;barca
368;barca
369;barca
370;barca
371;barca
372;barca
373;barca
374;barca
375;barca
376;barca
377;barca
378;barca
379;barca
380;barca
381;barca
382;bertolla
383;bertolla
384;bertolla
385;cenisia
386;cenisia
387;cenisia
388;cenisia
389;cenisia
390;cenisia
391;cenisia
392;cenisia
393;cenisia
394;cenisia
395;cenisia
396;cenisia
397;cenisia
398;cenisia
399;cenisia
400;cenisia
401;cenisia
402;cenisia
403;cenisia
404;cenisia
405;cenisia
406;cenisia
407;cenisia
408;cenisia
409;cenisia
410;cenisia
411;cenisia
412;cenisia
413;cenisia
414;cenisia
415;cenisia
416;cenisia
417;cenisia
418;cenisia
419;cenisia
420;cenisia
421;cenisia
422;cenisia
423;cenisia
424;cenisia
425;cenisia
426;cenisia
427;cenisia
428;cenisia
429;cenisia
430;cenisia
431;cenisia
432;cenisia
433;cenisia
434;cenisia
435;cenisia
436;cenisia
437;cenisia
438;cenisia
439;cenisia
440;cenisia
441;cenisia
442;cenisia
443;cenisia
444;cenisia
445;cenisia
446;cenisia
447;cenisia
448;cenisia
449;cenisia
450;cenisia
451;cenisia
452;cenisia
453;cenisia
454;cenisia
455;cenisia
456;cenisia
457;cenisia
458;cenisia
459;cenisia
460;cenisia
461;cenisia
462;cenisia
463;cenisia
464;cenisia
465;cenisia
466;cenisia
467;cenisia
468;cenisia
469;cenisia
470;cenisia
471;cenisia
472;cenisia
473;cenisia
474;cenisia
475;cenisia
476;cenisia
477;cenisia
478;cenisia
479;cenisia
480;cenisia
481;cenisia
482;cenisia
483;cenisia
484;cenisia
485;cenisia
486;cenisia
487;cenisia
488;cenisia
489;cenisia
490;cenisia
491;cenisia
492;cenisia
493;cenisia
494;cenisia
495;cenisia
496;cenisia
497;cenisia
498;cenisia
499;cenisia
500;cenisia
501;cenisia
502;cenisia
503;cenisia
504;cenisia
505;cenisia
506;cenisia
507;cenisia
508;cenisia
509;cenisia
510;cenisia
511;cenisia
512;cenisia
513;cenisia
514;cenisia
515;cenisia
516;cenisia
517;cenisia
518;cenisia
519;cenisia
520;cenisia
521;cenisia
522;cenisia
523;cenisia
524;cenisia
525;cenisia
526;cenisia
527;cenisia
528;cenisia
529;cenisia
530;cenisia
531;cenisia
532;cenisia
533;cenisia
534;cenisia
535;cenisia
536;cenisia
537;cenisia
538;cenisia
539;cenisia
540;cenisia
541;cenisia
542;cenisia
543;cenisia
544;cenisia
545;cenisia
546;cenisia
547;cenisia
548;cenisia
549;cenisia
550;cenisia
551;cenisia
552;cenisia
553;cenisia
554;cenisia
555;cenisia
556;cenisia
557;cenisia
558;cenisia
559;cenisia
560;cenisia
561;cenisia
562;cenisia
563;cenisia
564;cenisia
565;cenisia
566;cenisia
567;cenisia
568;cenisia
569;cenisia
570;cenisia
571;cenisia
572;cenisia
573;cenisia
574;cenisia
575;cenisia
576;cenisia
577;cenisia
578;cenisia
579;cenisia
580;cenisia
581;cenisia
582;cenisia
583;cenisia
584;cenisia
585;cenisia
586;cenisia
587;cenisia
588;cenisia
589;cenisia
590;cenisia
591;cenisia
592;cenisia
593;cenisia
594;cenisia
595;cenisia
596;cenisia
597;cenisia
598;cenisia
599;cenisia
600;cenisia
601;cenisia
602;cenisia
603;cenisia
604;cenisia
605;cenisia
606;cenisia
607;cenisia
608;cenisia
609;cenisia
610;cenisia
611;cenisia
612;cenisia
613;cenisia
614;cenisia
615;cenisia
616;cenisia
617;cenisia
618;cenisia
619;cenisia
620;cenisia
621;cenisia
622;cenisia
623;cenisia
624;cenisia
625;cenisia
626;cenisia
627;cenisia
628;cenisia
629;cenisia
630;cenisia
631;cenisia
632;borgo-vittoria
633;borgo-vittoria
634;borgo-vittoria
635;borgo-vittoria
636;borgo-vittoria
637;borgo-vittoria
638;borgo-vittoria
639;borgo-vittoria
640;borgo-vittoria
641;borgo-vittoria
642;borgo-vittoria
643;borgo-vittoria
644;borgo-vittoria
645;borgo-vittoria
646;borgo-vittoria
647;borgo-vittoria
648;borgo-vittoria
649;borgo-vittoria
650;borgo-vittoria
651;borgo-vittoria
652;borgo-vittoria
653;borgo-vittoria
654;borgo-vittoria
655;borgo-vittoria
656;borgo-vittoria
657;borgo-vittoria
658;borgo-vittoria
659;borgo-vittoria
660;borgo-vittoria
661;borgo-vittoria
662;borgo-vittoria
663;borgo-vittoria
664;borgo-vittoria
665;borgo-vittoria
666;borgo-vittoria
667;borgo-vittoria
668;borgo-vittoria
669;borgo-vittoria
670;borgo-vittoria
671;borgo-vittoria
672;borgo-vittoria
673;borgo-vittoria
674;borgo-vittoria
675;borgo-vittoria
676;borgo-vittoria
677;borgo-vittoria
678;borgo-vittoria
679;borgo-vittoria
680;borgo-vittoria
681;borgo-vittoria
682;borgo-vittoria
683;borgo-vittoria
684;borgo-vittoria
685;borgo-vittoria
686;borgo-vittoria
687;borgo-vittoria
688;borgo-vittoria
689;borgo-vittoria
690;borgo-vittoria
691;borgo-vittoria
692;borgo-vittoria
693;borgo-vittoria
694;borgo-vittoria
695;borgo-vittoria
696;parco-dora
697;parco-dora
698;parco-dora
699;parco-dora
700;parco-dora
701;parco-dora
702;parco-dora
703;parco-dora
704;parco-dora
705;parco-dora
706;parco-dora
707;parco-dora
708;parco-dora
709;parco-dora
710;parco-dora
711;parco-dora
712;parco-dora
713;parco-dora
714;parco-dora
715;parco-dora
716;parco-dora
717;parco-dora
718;parco-dora
719;campidoglio
720;campidoglio
721;campidoglio
722;campidoglio
723;campidoglio
724;campidoglio
725;campidoglio
726;campidoglio
727;campidoglio
728;campidoglio
729;campidoglio
730;campidoglio
731;campidoglio
732;campidoglio
733;campidoglio
734;campidoglio
735;campidoglio
736;campidoglio
737;campidoglio
738;campidoglio
739;campidoglio
740;campidoglio
741;campidoglio
742;campidoglio
743;campidoglio
744;campidoglio
745;campidoglio
746;campidoglio
747;campidoglio
748;campidoglio
749;campidoglio
750;campidoglio
751;campidoglio
752;campidoglio
753;campidoglio
754;campidoglio
755;campidoglio
756;campidoglio
757;campidoglio
758;campidoglio
759;campidoglio
760;campidoglio
761;campidoglio
762;campidoglio
763;campidoglio
764;campidoglio
765;campidoglio
766;campidoglio
767;campidoglio
768;campidoglio
769;campidoglio
770;campidoglio
771;campidoglio
772;campidoglio
773;campidoglio
774;campidoglio
775;campidoglio
776;campidoglio
777;campidoglio
778;campidoglio
779;campidoglio
780;campidoglio
781;campidoglio
782;campidoglio
783;campidoglio
784;campidoglio
785;campidoglio
786;campidoglio
787;campidoglio
788;campidoglio
789;campidoglio
790;campidoglio
791;campidoglio
792;campidoglio
793;campidoglio
794;campidoglio
795;campidoglio
796;campidoglio
797;campidoglio
798;campidoglio
799;campidoglio
800;campidoglio
801;campidoglio
802;campidoglio
803;campidoglio
804;campidoglio
805;campidoglio
806;campidoglio
807;campidoglio
808;campidoglio
809;campidoglio
810;campidoglio
811;campidoglio
812;campidoglio
813;campidoglio
814;campidoglio
815;campidoglio
816;campidoglio
817;campidoglio
818;campidoglio
819;campidoglio
820;campidoglio
821;campidoglio
822;campidoglio
823;san-donato
824;san-donato
825;san-donato
826;san-donato
827;san-donato
828;san-donato
829;san-donato
830;san-donato
831;san-donato
832;san-donato
833;san-donato
834;san-donato
835;san-donato
836;san-donato
837;san-donato
838;san-donato
839;san-donato
840;san-donato
841;san-donato
842;san-donato
843;san-donato
844;san-donato
845;san-donato
846;san-donato
847;san-donato
848;san-donato
849;san-donato
850;san-donato
851;san-donato
852;san-donato
853;san-donato
854;san-donato
855;san-donato
856;san-donato
857;san-donato
858;san-donato
859;san-donato
860;san-donato
861;san-donato
862;san-donato
863;san-donato
864;san-donato
865;san-donato
866;san-donato
867;san-donato
868;san-donato
869;san-donato
870;san-donato
871;san-donato
872;san-donato
873;san-donato
874;san-donato
875;san-donato
876;san-donato
877;san-donato
878;san-donato
879;san-donato
880;san-donato
881;san-donato
882;san-donato
883;san-donato
884;san-donato
885;san-donato
886;san-donato
887;san-donato
888;san-donato
889;san-donato
890;san-donato
891;san-donato
892;san-donato
893;san-donato
894;san-donato
895;san-donato
896;san-donato
897;san-donato
898;san-donato
899;san-donato
900;san-donato
901;san-donato
902;san-donato
903;san-donato
904;san-donato
905;san-donato
906;san-donato
907;san-donato
908;san-donato
909;san-donato
910;san-donato
911;san-donato
912;san-donato
913;san-donato
914;san-donato
915;san-donato
916;san-donato
917;san-donato
918;san-donato
919;san-donato
920;san-donato
921;san-donato
922;san-donato
923;san-donato
924;san-donato
925;san-donato
926;san-donato
927;san-donato
928;san-donato
929;san-donato
930;san-donato
931;san-donato
932;san-donato
933;san-donato
934;san-donato
935;san-donato
936;san-donato
937;san-donato
938;san-donato
939;san-donato
940;san-donato
941;san-donato
942;san-donato
943;san-donato
944;san-donato
945;san-donato
946;san-donato
947;san-donato
948;san-donato
949;san-donato
950;san-donato
951;san-donato
952;san-donato
953;san-donato
954;san-donato
955;san-donato
956;san-donato
957;san-donato
958;cit-turin
959;cit-turin
960;cit-turin
961;cit-turin
962;cit-turin
963;cit-turin
964;cit-turin
965;cit-turin
966;cit-turin
967;cit-turin
968;cit-turin
969;cit-turin
970;cit-turin
971;cit-turin
972;cit-turin
973;cit-turin
974;cit-turin
975;cit-turin
976;cit-turin
977;cit-turin
978;cit-turin
979;cit-turin
980;cit-turin
981;cit-turin
982;cit-turin
983;cit-turin
984;cit-turin
985;cit-turin
986;cit-turin
987;cit-turin
988;cit-turin
989;cit-turin
990;cit-turin
991;cit-turin
992;cit-turin
993;cit-turin
994;cit-turin
995;cit-turin
996;cit-turin
997;cit-turin
998;cit-turin
999;cit-turin
1000;cit-turin
1001;cit-turin
1002;cit-turin
1003;cit-turin
1004;cit-turin
1005;cit-turin
1006;cit-turin
1007;cit-turin
1008;cit-turin
1009;cit-turin
1010;cit-turin
1011;cit-turin
1012;cit-turin
1013;cit-turin
1014;cit-turin
1015;cit-turin
1016;cit-turin
1017;cit-turin
1018;cit-turin
1019;cit-turin
1020;cit-turin
1021;cit-turin
1022;cit-turin
1023;cit-turin
1024;cit-turin
1025;cit-turin
1026;cit-turin
1027;cit-turin
1028;cit-turin
1029;cit-turin
1030;cit-turin
1031;cit-turin
1032;cit-turin
1033;cit-turin
1034;cit-turin
1035;cit-turin
1036;cit-turin
1037;cit-turin
1038;cit-turin
1039;cit-turin
1040;cit-turin
1041;cit-turin
1042;cit-turin
1043;cit-turin
1044;cit-turin
1045;cit-turin
1046;cit-turin
1047;cit-turin
1048;cit-turin
1049;cit-turin
1050;cit-turin
1051;cit-turin
1052;cit-turin
1053;cit-turin
1054;cit-turin
1055;cit-turin
1056;cit-turin
1057;cit-turin
1058;cit-turin
1059;cit-turin
1060;cit-turin
1061;cit-turin
1062;cit-turin
1063;cit-turin
1064;cit-turin
1065;cavoretto
1066;cavoretto
1067;cavoretto
1068;cavoretto
1069;cavoretto
1070;cavoretto
1071;cavoretto
1072;cavoretto
1073;cavoretto
1074;cavoretto
1075;cavoretto
1076;cavoretto
1077;cavoretto
1078;cavoretto
1079;cavoretto
1080;cavoretto
1081;cavoretto
1082;cavoretto
1083;cavoretto
1084;cavoretto
1085;cavoretto
1086;cavoretto
1087;cavoretto
1088;cavoretto
1089;cavoretto
1090;cavoretto
1091;cavoretto
1092;cavoretto
1093;cavoretto
1094;cavoretto
1095;cavoretto
1096;centro
1097;centro
1098;centro
1099;centro
1100;centro
1101;centro
1102;centro
1103;centro
1104;centro
1105;centro
1106;centro
1107;centro
1108;centro
1109;centro
1110;centro
1111;centro
1112;centro
1113;centro
1114;centro
1115;centro
1116;centro
1117;centro
1118;centro
1119;centro
1120;centro
1121;centro
1122;centro
1123;centro
1124;centro
1125;centro
1126;centro
1127;centro
1128;centro
1129;centro
1130;centro
1131;centro
1132;centro
1133;centro
1134;centro
1135;centro
1136;centro
1137;centro
1138;centro
1139;centro
1140;centro
1141;centro
1142;centro
1143;centro
1144;centro
1145;centro
1146;centro
1147;centro
1148;centro
1149;centro
1150;centro
1151;centro
1152;centro
1153;centro
1154;centro
1155;centro
1156;centro
1157;centro
1158;centro
1159;centro
1160;centro
1161;centro
1162;centro
1163;centro
1164;centro
1165;centro
1166;centro
1167;centro
1168;centro
1169;centro
1170;centro
1171;centro
1172;centro
1173;centro
1174;centro
1175;centro
1176;centro
1177;centro
1178;centro
1179;centro
1180;centro
1181;centro
1182;centro
1183;centro
1184;centro
1185;centro
1186;centro
1187;centro
1188;centro
1189;centro
1190;centro
1191;centro
1192;centro
1193;centro
1194;centro
1195;centro
1196;centro
1197;centro
1198;centro
1199;centro
1200;centro
1201;centro
1202;centro
1203;centro
1204;centro
1205;centro
1206;centro
1207;centro
1208;centro
1209;centro
1210;centro
1211;centro
1212;centro
1213;centro
1214;centro
1215;centro
1216;centro
1217;centro
1218;centro
1219;centro
1220;centro
1221;centro
1222;centro
1223;centro
1224;centro
1225;centro
1226;centro
1227;centro
1228;centro
1229;centro
1230;centro
1231;centro
1232;centro
1233;centro
1234;centro
1235;centro
1236;centro
1237;centro
1238;centro
1239;centro
1240;centro
1241;centro
1242;centro
1243;centro
1244;centro
1245;centro
1246;centro
1247;centro
1248;centro
1249;centro
1250;centro
1251;centro
1252;centro
1253;centro
1254;centro
1255;centro
1256;centro
1257;centro
1258;centro
1259;centro
1260;centro
1261;centro
1262;centro
1263;centro
1264;centro
1265;centro
1266;centro
1267;centro
1268;centro
1269;centro
1270;centro
1271;centro
1272;centro
1273;centro
1274;centro
1275;centro
1276;centro
1277;centro
1278;centro
1279;centro
1280;centro
1281;centro
1282;centro
1283;centro
1284;centro
1285;centro
1286;centro
1287;centro
1288;centro
1289;centro
1290;centro
1291;centro
1292;centro
1293;centro
1294;centro
1295;centro
1296;centro
1297;centro
1298;centro
1299;centro
1300;centro
1301;centro
1302;centro
1303;centro
1304;centro
1305;centro
1306;centro
1307;centro
1308;centro
1309;centro
1310;centro
1311;centro
1312;centro
1313;centro
1314;centro
1315;centro
1316;centro
1317;centro
1318;centro
1319;centro
1320;centro
1321;centro
1322;centro
1323;centro
1324;centro
1325;centro
1326;centro
1327;centro
1328;centro
1329;centro
1330;centro
1331;centro
1332;centro
1333;centro
1334;centro
1335;centro
1336;centro
1337;centro
1338;centro
1339;centro
1340;centro
1341;centro
1342;centro
1343;centro
1344;centro
1345;centro
1346;centro
1347;centro
1348;centro
1349;centro
1350;centro
1351;centro
1352;centro
1353;centro
1354;centro
1355;centro
1356;centro
1357;centro
1358;centro
1359;centro
1360;centro
1361;centro
1362;centro
1363;centro
1364;centro
1365;centro
1366;centro
1367;centro
1368;centro
1369;centro
1370;centro
1371;centro
1372;centro
1373;centro
1374;centro
1375;centro
1376;centro
1377;centro
1378;centro
1379;centro
1380;centro
1381;centro
1382;centro
1383;centro
1384;centro
1385;centro
1386;centro
1387;centro
1388;centro
1389;centro
1390;centro
1391;centro
1392;centro
1393;centro
1394;centro
1395;centro
1396;centro
1397;centro
1398;centro
1399;centro
1400;centro
1401;centro
1402;centro
1403;centro
1404;centro
1405;centro
1406;centro
1407;centro
1408;centro
1409;centro
1410;centro
1411;centro
1412;centro
1413;centro
1414;centro
1415;centro
1416;centro
1417;centro
1418;centro
1419;centro
1420;centro
1421;centro
1422;centro
1423;centro
1424;centro
1425;centro
1426;centro
1427;centro
1428;centro
1429;centro
1430;centro
1431;centro
1432;centro
1433;centro
1434;centro
1435;centro
1436;centro
1437;centro
1438;centro
1439;centro
1440;centro
1441;centro
1442;centro
1443;centro
1444;centro
1445;centro
1446;centro
1447;centro
1448;centro
1449;centro
1450;centro
1451;centro
1452;centro
1453;centro
1454;centro
1455;centro
1456;centro
1457;centro
1458;centro
1459;centro
1460;centro
1461;centro
1462;centro
1463;centro
1464;centro
1465;centro
1466;centro
1467;centro
1468;centro
1469;centro
1470;centro
1471;centro
1472;centro
1473;centro
1474;centro
1475;centro
1476;centro
1477;centro
1478;centro
1479;centro
1480;centro
1481;centro
1482;centro
1483;centro
1484;centro
1485;centro
1486;centro
1487;centro
1488;centro
1489;centro
1490;centro
1491;centro
1492;centro
1493;centro
1494;centro
1495;centro
1496;centro
1497;centro
1498;centro
1499;centro
1500;centro
1501;centro
1502;centro
1503;centro
1504;centro
1505;centro
1506;centro
1507;centro
1508;centro
1509;centro
1510;centro
1511;centro
1512;centro
1513;centro
1514;centro
1515;centro
1516;centro
1517;centro
1518;centro
1519;centro
1520;centro
1521;centro
1522;centro
1523;centro
1524;centro
1525;centro
1526;centro
1527;centro
1528;centro
1529;centro
1530;centro
1531;centro
1532;centro
1533;centro
1534;centro
1535;centro
1536;centro
1537;centro
1538;centro
1539;centro
1540;centro
1541;centro
1542;centro
1543;centro
1544;centro
1545;centro
1546;centro
1547;centro
1548;centro
1549;centro
1550;centro
1551;centro
1552;centro
1553;centro
1554;centro
1555;centro
1556;centro
1557;centro
1558;centro
1559;centro
1560;centro
1561;centro
1562;centro
1563;centro
1564;centro
1565;centro
1566;centro
1567;centro
1568;centro
1569;centro
1570;centro
1571;centro
1572;centro
1573;centro
1574;centro
1575;centro
1576;centro
1577;centro
1578;centro
1579;centro
1580;centro
1581;centro
1582;centro
1583;centro
1584;centro
1585;centro
1586;centro
1587;centro
1588;centro
1589;centro
1590;centro
1591;centro
1592;centro
1593;centro
1594;centro
1595;centro
1596;centro
1597;centro
1598;centro
1599;centro
1600;centro
1601;centro
1602;centro
1603;centro
1604;centro
1605;centro
1606;centro
1607;centro
1608;centro
1609;centro
1610;centro
1611;centro
1612;centro
1613;centro
1614;centro
1615;centro
1616;centro
1617;centro
1618;centro
1619;centro
1620;centro
1621;centro
1622;centro
1623;centro
1624;centro
1625;centro
1626;centro
1627;centro
1628;centro
1629;centro
1630;centro
1631;centro
1632;centro
1633;centro
1634;centro
1635;centro
1636;centro
1637;centro
1638;centro
1639;centro
1640;centro
1641;centro
1642;centro
1643;centro
1644;centro
1645;centro
1646;centro
1647;centro
1648;centro
1649;centro
1650;centro
1651;centro
1652;centro
1653;centro
1654;centro
1655;centro
1656;centro
1657;centro
1658;centro
1659;centro
1660;centro
1661;centro
1662;centro
1663;centro
1664;centro
1665;centro
1666;centro
1667;centro
1668;centro
1669;centro
1670;centro
1671;centro
1672;centro
1673;centro
1674;centro
1675;centro
1676;centro
1677;centro
1678;centro
1679;centro
1680;centro
1681;centro
1682;centro
1683;centro
1684;centro
1685;centro
1686;centro
1687;centro
1688;centro
1689;centro
1690;centro
1691;centro
1692;centro
1693;centro
1694;centro
1695;centro
1696;centro
1697;centro
1698;centro
1699;centro
1700;centro
1701;centro
1702;centro
1703;centro
1704;centro
1705;centro
1706;centro
1707;centro
1708;centro
1709;centro
1710;centro
1711;centro
1712;centro
1713;centro
1714;centro
1715;centro
1716;centro
1717;centro
1718;centro
1719;centro
1720;centro
1721;centro
1722;centro
1723;centro
1724;centro
1725;centro
1726;centro
1727;centro
1728;centro
1729;centro
1730;centro
1731;centro
1732;centro
1733;centro
1734;centro
1735;centro
1736;centro
1737;centro
1738;centro
1739;centro
1740;centro
1741;centro
1742;centro
1743;centro
1744;centro
1745;centro
1746;centro
1747;centro
1748;centro
1749;centro
1750;centro
1751;centro
1752;centro
1753;centro
1754;centro
1755;centro
1756;centro
1757;centro
1758;centro
1759;centro
1760;centro
1761;centro
1762;centro
1763;centro
1764;centro
1765;centro
1766;centro
1767;centro
1768;centro
1769;centro
1770;centro
1771;centro
1772;centro
1773;centro
1774;centro
1775;centro
1776;centro
1777;centro
1778;centro
1779;centro
1780;centro
1781;centro
1782;centro
1783;centro
1784;centro
1785;centro
1786;centro
1787;centro
1788;centro
1789;centro
1790;centro
1791;centro
1792;centro
1793;centro
1794;centro
1795;centro
1796;centro
1797;centro
1798;centro
1799;centro
1800;centro
1801;centro
1802;centro
1803;centro
1804;centro
1805;centro
1806;centro
1807;centro
1808;centro
1809;centro
1810;centro
1811;centro
1812;centro
1813;centro
1814;centro
1815;centro
1816;centro
1817;centro
1818;centro
1819;centro
1820;centro
1821;centro
1822;centro
1823;centro
1824;centro
1825;centro
1826;centro
1827;centro
1828;centro
1829;centro
1830;centro
1831;centro
1832;centro
1833;centro
1834;centro
1835;centro
1836;centro
1837;centro
1838;centro
1839;centro
1840;centro
1841;centro
1842;centro
1843;centro
1844;centro
1845;centro
1846;centro
1847;centro
1848;centro
1849;centro
1850;centro
1851;centro
1852;centro
1853;centro
1854;centro
1855;centro
1856;centro
1857;centro
1858;centro
1859;centro
1860;centro
1861;centro
1862;centro
1863;centro
1864;centro
1865;centro
1866;centro
1867;centro
1868;centro
1869;centro
1870;centro
1871;centro
1872;centro
1873;centro
1874;centro
1875;centro
1876;centro
1877;centro
1878;centro
1879;centro
1880;centro
1881;centro
1882;centro
1883;centro
1884;centro
1885;centro
1886;centro
1887;centro
1888;centro
1889;centro
1890;centro
1891;centro
1892;centro
1893;centro
1894;centro
1895;centro
1896;centro
1897;centro
1898;centro
1899;centro
1900;centro
1901;centro
1902;centro
1903;centro
1904;centro
1905;centro
1906;centro
1907;centro
1908;centro
1909;centro
1910;centro
1911;centro
1912;centro
1913;centro
1914;centro
1915;centro
1916;centro
1917;centro
1918;centro
1919;centro
1920;centro
1921;centro
1922;centro
1923;centro
1924;centro
1925;centro
1926;centro
1927;centro
1928;centro
1929;centro
1930;centro
1931;centro
1932;centro
1933;centro
1934;centro
1935;centro
1936;centro
1937;centro
1938;centro
1939;centro
1940;centro
1941;centro
1942;centro
1943;centro
1944;centro
1945;centro
1946;centro
1947;centro
1948;centro
1949;centro
1950;centro
1951;centro
1952;centro
1953;centro
1954;centro
1955;centro
1956;centro
1957;centro
1958;centro
1959;centro
1960;centro
1961;centro
1962;centro
1963;centro
1964;centro
1965;centro
1966;centro
1967;centro
1968;centro
1969;centro
1970;centro
1971;centro
1972;centro
1973;centro
1974;centro
1975;centro
1976;centro
1977;centro
1978;centro
1979;centro
1980;centro
1981;centro
1982;centro
1983;centro
1984;centro
1985;centro
1986;centro
1987;centro
1988;centro
1989;centro
1990;centro
1991;centro
1992;centro
1993;centro
1994;centro
1995;centro
1996;centro
1997;centro
1998;centro
1999;centro
2000;centro
2001;centro
2002;centro
2003;centro
2004;centro
2005;centro
2006;centro
2007;centro
2008;centro
2009;centro
2010;centro
2011;centro
2012;centro
2013;centro
2014;centro
2015;centro
2016;centro
2017;centro
2018;centro
2019;centro
2020;centro
2021;centro
2022;centro
2023;centro
2024;centro
2025;centro
2026;centro
2027;centro
2028;centro
2029;centro
2030;centro
2031;centro
2032;centro
2033;centro
2034;centro
2035;centro
2036;centro
2037;centro
2038;centro
2039;centro
2040;centro
2041;centro
2042;centro
2043;centro
2044;centro
2045;centro
2046;centro
2047;centro
2048;centro
2049;centro
2050;centro
2051;centro
2052;centro
2053;centro
2054;centro
2055;centro
2056;centro
2057;centro
2058;centro
2059;centro
2060;centro
2061;centro
2062;centro
2063;centro
2064;centro
2065;centro
2066;centro
2067;centro
2068;centro
2069;centro
2070;centro
2071;centro
2072;centro
2073;centro
2074;centro
2075;centro
2076;centro
2077;centro
2078;centro
2079;centro
2080;centro
2081;centro
2082;centro
2083;centro
2084;centro
2085;centro
2086;centro
2087;centro
2088;centro
2089;centro
2090;centro
2091;centro
2092;centro
2093;centro
2094;centro
2095;centro
2096;centro
2097;centro
2098;centro
2099;centro
2100;centro
2101;centro
2102;centro
2103;centro
2104;centro
2105;centro
2106;centro
2107;centro
2108;centro
2109;centro
2110;centro
2111;centro
2112;centro
2113;centro
2114;centro
2115;centro
2116;centro
2117;centro
2118;centro
2119;centro
2120;centro
2121;centro
2122;centro
2123;centro
2124;centro
2125;centro
2126;centro
2127;centro
2128;centro
2129;centro
2130;centro
2131;centro
2132;centro
2133;centro
2134;centro
2135;centro
2136;centro
2137;centro
2138;centro
2139;centro
2140;centro
2141;centro
2142;centro
2143;centro
2144;centro
2145;centro
2146;centro
2147;centro
2148;centro
2149;centro
2150;centro
2151;centro
2152;centro
2153;centro
2154;centro
2155;centro
2156;centro
2157;centro
2158;centro
2159;centro
2160;centro
2161;centro
2162;centro
2163;centro
2164;centro
2165;centro
2166;centro
2167;centro
2168;centro
2169;centro
2170;centro
2171;centro
2172;centro
2173;centro
2174;centro
2175;centro
2176;centro
2177;centro
2178;centro
2179;centro
2180;centro
2181;centro
2182;centro
2183;centro
2184;centro
2185;centro
2186;centro
2187;centro
2188;centro
2189;centro
2190;centro
2191;centro
2192;centro
2193;centro
2194;centro
2195;centro
2196;centro
2197;centro
2198;centro
2199;centro
2200;centro
2201;centro
2202;centro
2203;centro
2204;centro
2205;centro
2206;centro
2207;centro
2208;centro
2209;centro
2210;centro
2211;centro
2212;centro
2213;colle-della-maddalena
2214;colle-della-maddalena
2215;colle-della-maddalena
2216;colle-della-maddalena
2217;colle-della-maddalena
2218;colle-della-maddalena
2219;colle-della-maddalena
2220;colle-della-maddalena
2221;colle-della-maddalena
2222;colle-della-maddalena
2223;colle-della-maddalena
2224;colle-della-maddalena
2225;colle-della-maddalena
2226;colle-della-maddalena
2227;colle-della-maddalena
2228;colle-della-maddalena
2229;colle-della-maddalena
2230;colle-della-maddalena
2231;colle-della-maddalena
2232;colle-della-maddalena
2233;colle-della-maddalena
2234;colle-della-maddalena
2235;colle-della-maddalena
2236;colle-della-maddalena
2237;colle-della-maddalena
2238;colle-della-maddalena
2239;colle-della-maddalena
2240;colle-della-maddalena
2241;colle-della-maddalena
2242;colle-della-maddalena
2243;colle-della-maddalena
2244;colle-della-maddalena
2245;colle-della-maddalena
2246;superga
2247;superga
2248;superga
2249;superga
2250;superga
2251;superga
2252;superga
2253;superga
2254;superga
2255;superga
2256;superga
2257;superga
2258;superga
2259;superga
2260;superga
2261;superga
2262;superga
2263;superga
2264;superga
2265;superga
2266;superga
2267;crocetta
2268;crocetta
2269;crocetta
2270;crocetta
2271;crocetta
2272;crocetta
2273;crocetta
2274;crocetta
2275;crocetta
2276;crocetta
2277;crocetta
2278;crocetta
2279;crocetta
2280;crocetta
2281;crocetta
2282;crocetta
2283;crocetta
2284;crocetta
2285;crocetta
2286;crocetta
2287;crocetta
2288;crocetta
2289;crocetta
2290;crocetta
2291;crocetta
2292;crocetta
2293;crocetta
2294;crocetta
2295;crocetta
2296;crocetta
2297;crocetta
2298;crocetta
2299;crocetta
2300;crocetta
2301;crocetta
2302;crocetta
2303;crocetta
2304;crocetta
2305;crocetta
2306;crocetta
2307;crocetta
2308;crocetta
2309;crocetta
2310;crocetta
2311;crocetta
2312;crocetta
2313;crocetta
2314;crocetta
2315;crocetta
2316;crocetta
2317;crocetta
2318;crocetta
2319;crocetta
2320;crocetta
2321;crocetta
2322;crocetta
2323;crocetta
2324;crocetta
2325;crocetta
2326;crocetta
2327;crocetta
2328;crocetta
2329;crocetta
2330;crocetta
2331;crocetta
2332;crocetta
2333;crocetta
2334;crocetta
2335;crocetta
2336;crocetta
2337;crocetta
2338;crocetta
2339;crocetta
2340;crocetta
2341;crocetta
2342;crocetta
2343;crocetta
2344;crocetta
2345;crocetta
2346;crocetta
2347;crocetta
2348;crocetta
2349;crocetta
2350;crocetta
2351;crocetta
2352;crocetta
2353;crocetta
2354;crocetta
2355;crocetta
2356;crocetta
2357;crocetta
2358;crocetta
2359;crocetta
2360;crocetta
2361;crocetta
2362;crocetta
2363;crocetta
2364;crocetta
2365;crocetta
2366;crocetta
2367;crocetta
2368;crocetta
2369;crocetta
2370;crocetta
2371;crocetta
2372;crocetta
2373;crocetta
2374;crocetta
2375;crocetta
2376;crocetta
2377;crocetta
2378;crocetta
2379;crocetta
2380;crocetta
2381;crocetta
2382;crocetta
2383;crocetta
2384;crocetta
2385;crocetta
2386;crocetta
2387;crocetta
2388;crocetta
2389;crocetta
2390;crocetta
2391;crocetta
2392;crocetta
2393;crocetta
2394;crocetta
2395;crocetta
2396;crocetta
2397;crocetta
2398;crocetta
2399;crocetta
2400;crocetta
2401;crocetta
2402;crocetta
2403;crocetta
2404;crocetta
2405;crocetta
2406;crocetta
2407;crocetta
2408;crocetta
2409;crocetta
2410;crocetta
2411;crocetta
2412;crocetta
2413;crocetta
2414;crocetta
2415;crocetta
2416;crocetta
2417;crocetta
2418;crocetta
2419;crocetta
2420;crocetta
2421;crocetta
2422;crocetta
2423;crocetta
2424;crocetta
2425;crocetta
2426;crocetta
2427;crocetta
2428;crocetta
2429;crocetta
2430;crocetta
2431;crocetta
2432;crocetta
2433;crocetta
2434;crocetta
2435;crocetta
2436;crocetta
2437;crocetta
2438;crocetta
2439;crocetta
2440;crocetta
2441;crocetta
2442;crocetta
2443;crocetta
2444;crocetta
2445;crocetta
2446;crocetta
2447;crocetta
2448;crocetta
2449;crocetta
2450;crocetta
2451;crocetta
2452;crocetta
2453;crocetta
2454;crocetta
2455;crocetta
2456;crocetta
2457;crocetta
2458;crocetta
2459;crocetta
2460;crocetta
2461;crocetta
2462;crocetta
2463;crocetta
2464;crocetta
2465;crocetta
2466;crocetta
2467;crocetta
2468;crocetta
2469;crocetta
2470;crocetta
2471;crocetta
2472;crocetta
2473;crocetta
2474;crocetta
2475;crocetta
2476;crocetta
2477;crocetta
2478;crocetta
2479;crocetta
2480;crocetta
2481;crocetta
2482;crocetta
2483;crocetta
2484;crocetta
2485;crocetta
2486;crocetta
2487;crocetta
2488;crocetta
2489;crocetta
2490;crocetta
2491;crocetta
2492;crocetta
2493;crocetta
2494;crocetta
2495;crocetta
2496;crocetta
2497;crocetta
2498;crocetta
2499;crocetta
2500;crocetta
2501;crocetta
2502;crocetta
2503;crocetta
2504;crocetta
2505;crocetta
2506;crocetta
2507;crocetta
2508;crocetta
2509;crocetta
2510;crocetta
2511;crocetta
2512;crocetta
2513;crocetta
2514;crocetta
2515;crocetta
2516;crocetta
2517;crocetta
2518;crocetta
2519;crocetta
2520;crocetta
2521;crocetta
2522;crocetta
2523;crocetta
2524;crocetta
2525;crocetta
2526;crocetta
2527;crocetta
2528;crocetta
2529;crocetta
2530;crocetta
2531;crocetta
2532;crocetta
2533;crocetta
2534;crocetta
2535;crocetta
2536;crocetta
2537;crocetta
2538;crocetta
2539;crocetta
2540;crocetta
2541;crocetta
2542;crocetta
2543;crocetta
2544;crocetta
2545;crocetta
2546;crocetta
2547;crocetta
2548;crocetta
2549;crocetta
2550;crocetta
2551;crocetta
2552;crocetta
2553;crocetta
2554;crocetta
2555;crocetta
2556;crocetta
2557;crocetta
2558;crocetta
2559;crocetta
2560;crocetta
2561;crocetta
2562;crocetta
2563;crocetta
2564;crocetta
2565;crocetta
2566;crocetta
2567;crocetta
2568;crocetta
2569;crocetta
2570;crocetta
2571;crocetta
2572;crocetta
2573;crocetta
2574;crocetta
2575;crocetta
2576;crocetta
2577;crocetta
2578;crocetta
2579;crocetta
2580;crocetta
2581;crocetta
2582;crocetta
2583;crocetta
2584;crocetta
2585;crocetta
2586;crocetta
2587;crocetta
2588;crocetta
2589;crocetta
2590;crocetta
2591;crocetta
2592;crocetta
2593;crocetta
2594;crocetta
2595;crocetta
2596;crocetta
2597;crocetta
2598;crocetta
2599;crocetta
2600;crocetta
2601;crocetta
2602;crocetta
2603;crocetta
2604;crocetta
2605;crocetta
2606;crocetta
2607;crocetta
2608;crocetta
2609;crocetta
2610;crocetta
2611;crocetta
2612;crocetta
2613;crocetta
2614;crocetta
2615;crocetta
2616;crocetta
2617;crocetta
2618;crocetta
2619;crocetta
2620;crocetta
2621;crocetta
2622;crocetta
2623;crocetta
2624;crocetta
2625;crocetta
2626;crocetta
2627;crocetta
2628;crocetta
2629;crocetta
2630;crocetta
2631;crocetta
2632;crocetta
2633;crocetta
2634;crocetta
2635;crocetta
2636;crocetta
2637;crocetta
2638;crocetta
2639;crocetta
2640;crocetta
2641;crocetta
2642;crocetta
2643;crocetta
2644;crocetta
2645;crocetta
2646;crocetta
2647;crocetta
2648;crocetta
2649;crocetta
2650;crocetta
2651;crocetta
2652;crocetta
2653;crocetta
2654;crocetta
2655;crocetta
2656;crocetta
2657;crocetta
2658;crocetta
2659;crocetta
2660;crocetta
2661;crocetta
2662;crocetta
2663;crocetta
2664;crocetta
2665;crocetta
2666;crocetta
2667;crocetta
2668;crocetta
2669;crocetta
2670;crocetta
2671;crocetta
2672;crocetta
2673;crocetta
2674;crocetta
2675;crocetta
2676;crocetta
2677;crocetta
2678;crocetta
2679;crocetta
2680;crocetta
2681;crocetta
2682;crocetta
2683;crocetta
2684;crocetta
2685;crocetta
2686;crocetta
2687;crocetta
2688;crocetta
2689;crocetta
2690;crocetta
2691;crocetta
2692;crocetta
2693;crocetta
2694;crocetta
2695;crocetta
2696;crocetta
2697;crocetta
2698;crocetta
2699;crocetta
2700;crocetta
2701;crocetta
2702;crocetta
2703;crocetta
2704;crocetta
2705;crocetta
2706;crocetta
2707;crocetta
2708;crocetta
2709;crocetta
2710;crocetta
2711;crocetta
2712;crocetta
2713;crocetta
2714;crocetta
2715;crocetta
2716;crocetta
2717;crocetta
2718;crocetta
2719;crocetta
2720;crocetta
2721;crocetta
2722;crocetta
2723;crocetta
2724;crocetta
2725;crocetta
2726;crocetta
2727;crocetta
2728;crocetta
2729;crocetta
2730;crocetta
2731;crocetta
2732;crocetta
2733;crocetta
2734;crocetta
2735;crocetta
2736;crocetta
2737;crocetta
2738;crocetta
2739;crocetta
2740;crocetta
2741;crocetta
2742;crocetta
2743;crocetta
2744;crocetta
2745;crocetta
2746;crocetta
2747;crocetta
2748;crocetta
2749;crocetta
2750;crocetta
2751;crocetta
2752;crocetta
2753;crocetta
2754;crocetta
2755;crocetta
2756;crocetta
2757;crocetta
2758;crocetta
2759;crocetta
2760;crocetta
2761;crocetta
2762;crocetta
2763;crocetta
2764;crocetta
2765;crocetta
2766;crocetta
2767;crocetta
2768;crocetta
2769;crocetta
2770;crocetta
2771;crocetta
2772;crocetta
2773;crocetta
2774;crocetta
2775;crocetta
2776;crocetta
2777;crocetta
2778;crocetta
2779;crocetta
2780;crocetta
2781;crocetta
2782;crocetta
2783;crocetta
2784;crocetta
2785;crocetta
2786;crocetta
2787;crocetta
2788;crocetta
2789;crocetta
2790;crocetta
2791;crocetta
2792;crocetta
2793;crocetta
2794;crocetta
2795;san-secondo
2796;san-secondo
2797;san-secondo
2798;san-secondo
2799;san-secondo
2800;san-secondo
2801;san-secondo
2802;san-secondo
2803;san-secondo
2804;san-secondo
2805;san-secondo
2806;san-secondo
2807;san-secondo
2808;san-secondo
2809;san-secondo
2810;san-secondo
2811;san-secondo
2812;san-secondo
2813;san-secondo
2814;san-secondo
2815;san-secondo
2816;san-secondo
2817;san-secondo
2818;san-secondo
2819;san-secondo
2820;san-secondo
2821;san-secondo
2822;san-secondo
2823;san-secondo
2824;san-secondo
2825;san-secondo
2826;san-secondo
2827;san-secondo
2828;san-secondo
2829;san-secondo
2830;san-secondo
2831;san-secondo
2832;san-secondo
2833;san-secondo
2834;san-secondo
2835;san-secondo
2836;san-secondo
2837;san-secondo
2838;san-secondo
2839;san-secondo
2840;san-secondo
2841;san-secondo
2842;san-secondo
2843;san-secondo
2844;san-secondo
2845;san-secondo
2846;san-secondo
2847;san-secondo
2848;san-secondo
2849;san-secondo
2850;san-secondo
2851;san-secondo
2852;san-secondo
2853;san-secondo
2854;san-secondo
2855;san-secondo
2856;san-secondo
2857;san-secondo
2858;san-secondo
2859;san-secondo
2860;san-secondo
2861;san-secondo
2862;san-secondo
2863;san-secondo
2864;san-secondo
2865;san-secondo
2866;san-secondo
2867;san-secondo
2868;san-secondo
2869;san-secondo
2870;san-secondo
2871;san-secondo
2872;san-secondo
2873;san-secondo
2874;san-secondo
2875;san-secondo
2876;san-secondo
2877;san-secondo
2878;san-secondo
2879;san-secondo
2880;san-secondo
2881;san-secondo
2882;san-secondo
2883;san-secondo
2884;san-secondo
2885;san-secondo
2886;san-secondo
2887;san-secondo
2888;san-secondo
2889;san-secondo
2890;san-secondo
2891;san-secondo
2892;san-secondo
2893;san-secondo
2894;san-secondo
2895;san-secondo
2896;san-secondo
2897;san-secondo
2898;san-secondo
2899;san-secondo
2900;san-secondo
2901;san-secondo
2902;san-secondo
2903;san-secondo
2904;san-secondo
2905;san-secondo
2906;san-secondo
2907;san-secondo
2908;san-secondo
2909;san-secondo
2910;san-secondo
2911;san-secondo
2912;san-secondo
2913;san-secondo
2914;san-secondo
2915;san-secondo
2916;san-secondo
2917;san-secondo
2918;san-secondo
2919;san-secondo
2920;san-secondo
2921;san-secondo
2922;san-secondo
2923;san-secondo
2924;san-secondo
2925;san-secondo
2926;san-secondo
2927;san-secondo
2928;san-secondo
2929;san-secondo
2930;san-secondo
2931;san-secondo
2932;san-secondo
2933;san-secondo
2934;san-secondo
2935;san-secondo
2936;san-secondo
2937;san-secondo
2938;san-secondo
2939;san-secondo
2940;san-secondo
2941;san-secondo
2942;le-vallette
2943;le-vallette
2944;le-vallette
2945;le-vallette
2946;le-vallette
2947;le-vallette
2948;le-vallette
2949;le-vallette
2950;le-vallette
2951;le-vallette
2952;le-vallette
2953;le-vallette
2954;lucento
2955;lucento
2956;lucento
2957;lucento
2958;lucento
2959;lucento
2960;lucento
2961;lucento
2962;lucento
2963;lucento
2964;lucento
2965;lucento
2966;lucento
2967;lucento
2968;lucento
2969;lucento
2970;lucento
2971;lucento
2972;lucento
2973;lucento
2974;lucento
2975;lucento
2976;lucento
2977;lucento
2978;lucento
2979;lucento
2980;lucento
2981;lucento
2982;lucento
2983;lucento
2984;lucento
2985;lucento
2986;lucento
2987;lucento
2988;lucento
2989;lucento
2990;lucento
2991;lucento
2992;lucento
2993;lucento
2994;lucento
2995;lucento
2996;lucento
2997;lucento
2998;lucento
2999;lucento
3000;lucento
3001;lucento
3002;lucento
3003;madonna-di-campagna
3004;madonna-di-campagna
3005;madonna-di-campagna
3006;madonna-di-campagna
3007;madonna-di-campagna
3008;madonna-di-campagna
3009;madonna-di-campagna
3010;madonna-di-campagna
3011;madonna-di-campagna
3012;madonna-di-campagna
3013;madonna-di-campagna
3014;madonna-di-campagna
3015;madonna-di-campagna
3016;madonna-di-campagna
3017;madonna-di-campagna
3018;madonna-di-campagna
3019;madonna-di-campagna
3020;madonna-di-campagna
3021;madonna-di-campagna
3022;madonna-di-campagna
3023;madonna-di-campagna
3024;madonna-di-campagna
3025;madonna-di-campagna
3026;madonna-di-campagna
3027;madonna-di-campagna
3028;madonna-di-campagna
3029;madonna-di-campagna
3030;madonna-di-campagna
3031;madonna-di-campagna
3032;madonna-di-campagna
3033;madonna-di-campagna
3034;madonna-di-campagna
3035;madonna-di-campagna
3036;madonna-di-campagna
3037;madonna-di-campagna
3038;madonna-di-campagna
3039;madonna-di-campagna
3040;madonna-di-campagna
3041;madonna-di-campagna
3042;madonna-di-campagna
3043;madonna-di-campagna
3044;madonna-di-campagna
3045;madonna-di-campagna
3046;madonna-di-campagna
3047;madonna-di-campagna
3048;madonna-di-campagna
3049;lingotto
3050;lingotto
3051;lingotto
3052;lingotto
3053;lingotto
3054;lingotto
3055;lingotto
3056;lingotto
3057;lingotto
3058;lingotto
3059;lingotto
3060;lingotto
3061;lingotto
3062;lingotto
3063;lingotto
3064;lingotto
3065;lingotto
3066;lingotto
3067;lingotto
3068;lingotto
3069;lingotto
3070;lingotto
3071;lingotto
3072;lingotto
3073;lingotto
3074;lingotto
3075;lingotto
3076;lingotto
3077;lingotto
3078;lingotto
3079;lingotto
3080;lingotto
3081;lingotto
3082;lingotto
3083;lingotto
3084;lingotto
3085;lingotto
3086;lingotto
3087;lingotto
3088;lingotto
3089;lingotto
3090;lingotto
3091;lingotto
3092;lingotto
3093;lingotto
3094;lingotto
3095;lingotto
3096;lingotto
3097;lingotto
3098;lingotto
3099;lingotto
3100;lingotto
3101;lingotto
3102;lingotto
3103;lingotto
3104;lingotto
3105;lingotto
3106;lingotto
3107;lingotto
3108;lingotto
3109;lingotto
3110;lingotto
3111;lingotto
3112;lingotto
3113;lingotto
3114;lingotto
3115;lingotto
3116;lingotto
3117;lingotto
3118;lingotto
3119;lingotto
3120;lingotto
3121;lingotto
3122;lingotto
3123;lingotto
3124;lingotto
3125;lingotto
3126;lingotto
3127;lingotto
3128;lingotto
3129;lingotto
3130;lingotto
3131;lingotto
3132;lingotto
3133;lingotto
3134;lingotto
3135;lingotto
3136;lingotto
3137;lingotto
3138;lingotto
3139;lingotto
3140;lingotto
3141;lingotto
3142;lingotto
3143;lingotto
3144;lingotto
3145;lingotto
3146;lingotto
3147;lingotto
3148;lingotto
3149;lingotto
3150;lingotto
3151;lingotto
3152;lingotto
3153;lingotto
3154;lingotto
3155;lingotto
3156;lingotto
3157;lingotto
3158;lingotto
3159;lingotto
3160;lingotto
3161;lingotto
3162;lingotto
3163;lingotto
3164;lingotto
3165;lingotto
3166;lingotto
3167;lingotto
3168;lingotto
3169;lingotto
3170;lingotto
3171;lingotto
3172;lingotto
3173;lingotto
3174;lingotto
3175;lingotto
3176;lingotto
3177;lingotto
3178;lingotto
3179;lingotto
3180;lingotto
3181;lingotto
3182;lingotto
3183;lingotto
3184;lingotto
3185;lingotto
3186;lingotto
3187;lingotto
3188;lingotto
3189;lingotto
3190;lingotto
3191;lingotto
3192;lingotto
3193;lingotto
3194;lingotto
3195;lingotto
3196;lingotto
3197;lingotto
3198;lingotto
3199;lingotto
3200;lingotto
3201;lingotto
3202;lingotto
3203;lingotto
3204;lingotto
3205;lingotto
3206;lingotto
3207;lingotto
3208;lingotto
3209;lingotto
3210;lingotto
3211;lingotto
3212;lingotto
3213;lingotto
3214;lingotto
3215;lingotto
3216;lingotto
3217;lingotto
3218;lingotto
3219;lingotto
3220;lingotto
3221;lingotto
3222;lingotto
3223;lingotto
3224;lingotto
3225;lingotto
3226;lingotto
3227;nizza-millefonti
3228;nizza-millefonti
3229;nizza-millefonti
3230;nizza-millefonti
3231;nizza-millefonti
3232;nizza-millefonti
3233;nizza-millefonti
3234;nizza-millefonti
3235;nizza-millefonti
3236;nizza-millefonti
3237;nizza-millefonti
3238;nizza-millefonti
3239;nizza-millefonti
3240;nizza-millefonti
3241;nizza-millefonti
3242;nizza-millefonti
3243;nizza-millefonti
3244;nizza-millefonti
3245;nizza-millefonti
3246;nizza-millefonti
3247;nizza-millefonti
3248;nizza-millefonti
3249;nizza-millefonti
3250;nizza-millefonti
3251;nizza-millefonti
3252;nizza-millefonti
3253;nizza-millefonti
3254;nizza-millefonti
3255;nizza-millefonti
3256;nizza-millefonti
3257;nizza-millefonti
3258;nizza-millefonti
3259;nizza-millefonti
3260;nizza-millefonti
3261;nizza-millefonti
3262;nizza-millefonti
3263;nizza-millefonti
3264;nizza-millefonti
3265;nizza-millefonti
3266;nizza-millefonti
3267;nizza-millefonti
3268;nizza-millefonti
3269;nizza-millefonti
3270;nizza-millefonti
3271;nizza-millefonti
3272;nizza-millefonti
3273;nizza-millefonti
3274;nizza-millefonti
3275;nizza-millefonti
3276;nizza-millefonti
3277;nizza-millefonti
3278;nizza-millefonti
3279;nizza-millefonti
3280;nizza-millefonti
3281;nizza-millefonti
3282;nizza-millefonti
3283;nizza-millefonti
3284;nizza-millefonti
3285;nizza-millefonti
3286;nizza-millefonti
3287;nizza-millefonti
3288;nizza-millefonti
3289;nizza-millefonti
3290;nizza-millefonti
3291;nizza-millefonti
3292;nizza-millefonti
3293;nizza-millefonti
3294;nizza-millefonti
3295;nizza-millefonti
3296;nizza-millefonti
3297;nizza-millefonti
3298;nizza-millefonti
3299;nizza-millefonti
3300;nizza-millefonti
3301;nizza-millefonti
3302;nizza-millefonti
3303;nizza-millefonti
3304;nizza-millefonti
3305;nizza-millefonti
3306;nizza-millefonti
3307;nizza-millefonti
3308;nizza-millefonti
3309;nizza-millefonti
3310;nizza-millefonti
3311;nizza-millefonti
3312;nizza-millefonti
3313;nizza-millefonti
3314;nizza-millefonti
3315;nizza-millefonti
3316;nizza-millefonti
3317;nizza-millefonti
3318;nizza-millefonti
3319;nizza-millefonti
3320;nizza-millefonti
3321;nizza-millefonti
3322;nizza-millefonti
3323;nizza-millefonti
3324;nizza-millefonti
3325;nizza-millefonti
3326;nizza-millefonti
3327;nizza-millefonti
3328;nizza-millefonti
3329;nizza-millefonti
3330;nizza-millefonti
3331;nizza-millefonti
3332;nizza-millefonti
3333;nizza-millefonti
3334;nizza-millefonti
3335;nizza-millefonti
3336;nizza-millefonti
3337;nizza-millefonti
3338;nizza-millefonti
3339;nizza-millefonti
3340;nizza-millefonti
3341;nizza-millefonti
3342;nizza-millefonti
3343;nizza-millefonti
3344;nizza-millefonti
3345;nizza-millefonti
3346;nizza-millefonti
3347;nizza-millefonti
3348;nizza-millefonti
3349;nizza-millefonti
3350;nizza-millefonti
3351;nizza-millefonti
3352;nizza-millefonti
3353;nizza-millefonti
3354;nizza-millefonti
3355;nizza-millefonti
3356;nizza-millefonti
3357;nizza-millefonti
3358;nizza-millefonti
3359;nizza-millefonti
3360;nizza-millefonti
3361;nizza-millefonti
3362;nizza-millefonti
3363;nizza-millefonti
3364;nizza-millefonti
3365;nizza-millefonti
3366;nizza-millefonti
3367;nizza-millefonti
3368;nizza-millefonti
3369;nizza-millefonti
3370;nizza-millefonti
3371;nizza-millefonti
3372;nizza-millefonti
3373;madonna-del-pilone
3374;madonna-del-pilone
3375;madonna-del-pilone
3376;madonna-del-pilone
3377;madonna-del-pilone
3378;madonna-del-pilone
3379;madonna-del-pilone
3380;madonna-del-pilone
3381;madonna-del-pilone
3382;madonna-del-pilone
3383;madonna-del-pilone
3384;madonna-del-pilone
3385;madonna-del-pilone
3386;madonna-del-pilone
3387;madonna-del-pilone
3388;madonna-del-pilone
3389;madonna-del-pilone
3390;madonna-del-pilone
3391;madonna-del-pilone
3392;madonna-del-pilone
3393;madonna-del-pilone
3394;madonna-del-pilone
3395;madonna-del-pilone
3396;madonna-del-pilone
3397;madonna-del-pilone
3398;madonna-del-pilone
3399;madonna-del-pilone
3400;madonna-del-pilone
3401;madonna-del-pilone
3402;madonna-del-pilone
3403;madonna-del-pilone
3404;madonna-del-pilone
3405;madonna-del-pilone
3406;madonna-del-pilone
3407;madonna-del-pilone
3408;madonna-del-pilone
3409;madonna-del-pilone
3410;madonna-del-pilone
3411;madonna-del-pilone
3412;madonna-del-pilone
3413;madonna-del-pilone
3414;madonna-del-pilone
3415;sassi
3416;sassi
3417;sassi
3418;sassi
3419;sassi
3420;sassi
3421;sassi
3422;mirafiori-sud
3423;mirafiori-sud
3424;mirafiori-sud
3425;mirafiori-sud
3426;mirafiori-sud
3427;mirafiori-sud
3428;mirafiori-sud
3429;mirafiori-sud
3430;mirafiori-sud
3431;mirafiori-sud
3432;mirafiori-sud
3433;mirafiori-sud
3434;mirafiori-sud
3435;mirafiori-sud
3436;mirafiori-sud
3437;mirafiori-sud
3438;mirafiori-sud
3439;mirafiori-sud
3440;mirafiori-sud
3441;mirafiori-sud
3442;mirafiori-sud
3443;mirafiori-sud
3444;mirafiori-sud
3445;mirafiori-sud
3446;mirafiori-sud
3447;mirafiori-sud
3448;mirafiori-sud
3449;mirafiori-sud
3450;mirafiori-sud
3451;mirafiori-sud
3452;mirafiori-sud
3453;mirafiori-sud
3454;mirafiori-sud
3455;mirafiori-sud
3456;mirafiori-sud
3457;mirafiori-sud
3458;mirafiori-sud
3459;mirafiori-sud
3460;mirafiori-sud
3461;mirafiori-sud
3462;mirafiori-sud
3463;mirafiori-sud
3464;mirafiori-sud
3465;mirafiori-sud
3466;mirafiori-sud
3467;mirafiori-sud
3468;mirafiori-sud
3469;mirafiori-sud
3470;mirafiori-sud
3471;mirafiori-sud
3472;mirafiori-sud
3473;mirafiori-sud
3474;mirafiori-sud
3475;mirafiori-sud
3476;mirafiori-sud
3477;mirafiori-sud
3478;mirafiori-sud
3479;mirafiori-sud
3480;mirafiori-sud
3481;mirafiori-sud
3482;mirafiori-sud
3483;mirafiori-sud
3484;mirafiori-sud
3485;mirafiori-sud
3486;mirafiori-sud
3487;mirafiori-sud
3488;mirafiori-sud
3489;mirafiori-sud
3490;mirafiori-sud
3491;mirafiori-sud
3492;mirafiori-sud
3493;mirafiori-sud
3494;mirafiori-sud
3495;mirafiori-sud
3496;mirafiori-sud
3497;mirafiori-sud
3498;mirafiori-sud
3499;mirafiori-sud
3500;mirafiori-sud
3501;mirafiori-sud
3502;mirafiori-sud
3503;mirafiori-sud
3504;mirafiori-sud
3505;mirafiori-sud
3506;mirafiori-sud
3507;mirafiori-sud
3508;mirafiori-sud
3509;mirafiori-sud
3510;mirafiori-sud
3511;mirafiori-sud
3512;mirafiori-sud
3513;mirafiori-sud
3514;mirafiori-sud
3515;mirafiori-sud
3516;mirafiori-sud
3517;mirafiori-sud
3518;mirafiori-sud
3519;mirafiori-sud
3520;mirafiori-sud
3521;mirafiori-sud
3522;mirafiori-sud
3523;mirafiori-sud
3524;mirafiori-sud
3525;mirafiori-sud
3526;pozzo-strada
3527;pozzo-strada
3528;pozzo-strada
3529;pozzo-strada
3530;pozzo-strada
3531;pozzo-strada
3532;pozzo-strada
3533;pozzo-strada
3534;pozzo-strada
3535;pozzo-strada
3536;pozzo-strada
3537;pozzo-strada
3538;pozzo-strada
3539;pozzo-strada
3540;pozzo-strada
3541;pozzo-strada
3542;pozzo-strada
3543;pozzo-strada
3544;pozzo-strada
3545;pozzo-strada
3546;pozzo-strada
3547;pozzo-strada
3548;pozzo-strada
3549;pozzo-strada
3550;pozzo-strada
3551;pozzo-strada
3552;pozzo-strada
3553;pozzo-strada
3554;pozzo-strada
3555;pozzo-strada
3556;pozzo-strada
3557;pozzo-strada
3558;pozzo-strada
3559;pozzo-strada
3560;pozzo-strada
3561;pozzo-strada
3562;pozzo-strada
3563;pozzo-strada
3564;pozzo-strada
3565;pozzo-strada
3566;pozzo-strada
3567;pozzo-strada
3568;pozzo-strada
3569;pozzo-strada
3570;pozzo-strada
3571;pozzo-strada
3572;pozzo-strada
3573;pozzo-strada
3574;pozzo-strada
3575;pozzo-strada
3576;pozzo-strada
3577;pozzo-strada
3578;pozzo-strada
3579;pozzo-strada
3580;pozzo-strada
3581;pozzo-strada
3582;pozzo-strada
3583;pozzo-strada
3584;pozzo-strada
3585;pozzo-strada
3586;pozzo-strada
3587;pozzo-strada
3588;pozzo-strada
3589;pozzo-strada
3590;pozzo-strada
3591;pozzo-strada
3592;pozzo-strada
3593;pozzo-strada
3594;pozzo-strada
3595;pozzo-strada
3596;pozzo-strada
3597;pozzo-strada
3598;pozzo-strada
3599;pozzo-strada
3600;pozzo-strada
3601;pozzo-strada
3602;pozzo-strada
3603;pozzo-strada
3604;pozzo-strada
3605;pozzo-strada
3606;pozzo-strada
3607;pozzo-strada
3608;pozzo-strada
3609;pozzo-strada
3610;pozzo-strada
3611;pozzo-strada
3612;pozzo-strada
3613;pozzo-strada
3614;pozzo-strada
3615;pozzo-strada
3616;pozzo-strada
3617;pozzo-strada
3618;pozzo-strada
3619;pozzo-strada
3620;pozzo-strada
3621;pozzo-strada
3622;pozzo-strada
3623;pozzo-strada
3624;pozzo-strada
3625;pozzo-strada
3626;pozzo-strada
3627;pozzo-strada
3628;pozzo-strada
3629;pozzo-strada
3630;pozzo-strada
3631;pozzo-strada
3632;pozzo-strada
3633;pozzo-strada
3634;pozzo-strada
3635;pozzo-strada
3636;pozzo-strada
3637;pozzo-strada
3638;pozzo-strada
3639;pozzo-strada
3640;pozzo-strada
3641;pozzo-strada
3642;pozzo-strada
3643;pozzo-strada
3644;pozzo-strada
3645;pozzo-strada
3646;pozzo-strada
3647;pozzo-strada
3648;pozzo-strada
3649;pozzo-strada
3650;pozzo-strada
3651;pozzo-strada
3652;pozzo-strada
3653;pozzo-strada
3654;pozzo-strada
3655;pozzo-strada
3656;pozzo-strada
3657;pozzo-strada
3658;pozzo-strada
3659;pozzo-strada
3660;pozzo-strada
3661;pozzo-strada
3662;pozzo-strada
3663;pozzo-strada
3664;pozzo-strada
3665;pozzo-strada
3666;pozzo-strada
3667;pozzo-strada
3668;pozzo-strada
3669;pozzo-strada
3670;pozzo-strada
3671;pozzo-strada
3672;pozzo-strada
3673;pozzo-strada
3674;pozzo-strada
3675;pozzo-strada
3676;pozzo-strada
3677;pozzo-strada
3678;pozzo-strada
3679;pozzo-strada
3680;pozzo-strada
3681;pozzo-strada
3682;pozzo-strada
3683;pozzo-strada
3684;pozzo-strada
3685;pozzo-strada
3686;pozzo-strada
3687;pozzo-strada
3688;pozzo-strada
3689;pozzo-strada
3690;pozzo-strada
3691;pozzo-strada
3692;pozzo-strada
3693;pozzo-strada
3694;pozzo-strada
3695;pozzo-strada
3696;pozzo-strada
3697;pozzo-strada
3698;pozzo-strada
3699;pozzo-strada
3700;pozzo-strada
3701;pozzo-strada
3702;pozzo-strada
3703;pozzo-strada
3704;pozzo-strada
3705;pozzo-strada
3706;pozzo-strada
3707;pozzo-strada
3708;pozzo-strada
3709;pozzo-strada
3710;pozzo-strada
3711;pozzo-strada
3712;pozzo-strada
3713;pozzo-strada
3714;pozzo-strada
3715;pozzo-strada
3716;pozzo-strada
3717;pozzo-strada
3718;pozzo-strada
3719;pozzo-strada
3720;pozzo-strada
3721;pozzo-strada
3722;pozzo-strada
3723;pozzo-strada
3724;pozzo-strada
3725;parella
3726;parella
3727;parella
3728;parella
3729;parella
3730;parella
3731;parella
3732;parella
3733;parella
3734;parella
3735;parella
3736;parella
3737;parella
3738;parella
3739;parella
3740;parella
3741;parella
3742;parella
3743;parella
3744;parella
3745;parella
3746;parella
3747;parella
3748;parella
3749;parella
3750;parella
3751;parella
3752;parella
3753;parella
3754;parella
3755;parella
3756;parella
3757;parella
3758;parella
3759;parella
3760;parella
3761;parella
3762;parella
3763;parella
3764;parella
3765;parella
3766;parella
3767;parella
3768;parella
3769;parella
3770;parella
3771;parella
3772;parella
3773;parella
3774;parella
3775;parella
3776;parella
3777;parella
3778;parella
3779;parella
3780;parella
3781;parella
3782;parella
3783;parella
3784;parella
3785;parella
3786;parella
3787;parella
3788;parella
3789;parella
3790;parella
3791;parella
3792;parella
3793;parella
3794;parella
3795;parella
3796;parella
3797;parella
3798;parella
3799;parella
3800;parella
3801;parella
3802;parella
3803;parella
3804;parella
3805;parella
3806;parella
3807;parella
3808;parella
3809;parella
3810;parella
3811;parella
3812;parella
3813;parella
3814;parella
3815;parella
3816;parella
3817;parella
3818;parella
3819;parella
3820;parella
3821;parella
3822;parella
3823;parella
3824;parella
3825;parella
3826;parella
3827;parella
3828;parella
3829;parella
3830;parella
3831;parella
3832;parella
3833;parella
3834;parella
3835;parella
3836;parella
3837;parella
3838;parella
3839;parella
3840;parella
3841;parella
3842;parella
3843;parella
3844;parella
3845;parella
3846;parella
3847;parella
3848;parella
3849;parella
3850;parella
3851;parella
3852;parella
3853;parella
3854;parella
3855;parella
3856;parella
3857;parella
3858;parella
3859;parella
3860;parella
3861;parella
3862;parella
3863;parella
3864;parella
3865;parella
3866;parella
3867;parella
3868;parella
3869;parella
3870;parella
3871;parella
3872;parella
3873;parella
3874;parella
3875;parella
3876;parella
3877;parella
3878;parella
3879;parella
3880;parella
3881;parella
3882;parella
3883;parella
3884;parella
3885;parella
3886;parella
3887;parella
3888;parella
3889;parella
3890;parella
3891;parella
3892;parella
3893;parella
3894;regio-parco
3895;regio-parco
3896;regio-parco
3897;regio-parco
3898;regio-parco
3899;regio-parco
3900;regio-parco
3901;regio-parco
3902;regio-parco
3903;regio-parco
3904;regio-parco
3905;regio-parco
3906;regio-parco
3907;regio-parco
3908;regio-parco
3909;regio-parco
3910;regio-parco
3911;regio-parco
3912;regio-parco
3913;regio-parco
3914;regio-parco
3915;regio-parco
3916;regio-parco
3917;regio-parco
3918;regio-parco
3919;regio-parco
3920;regio-parco
3921;regio-parco
3922;regio-parco
3923;regio-parco
3924;regio-parco
3925;regio-parco
3926;regio-parco
3927;regio-parco
3928;regio-parco
3929;regio-parco
3930;regio-parco
3931;regio-parco
3932;regio-parco
3933;regio-parco
3934;regio-parco
3935;regio-parco
3936;regio-parco
3937;regio-parco
3938;regio-parco
3939;regio-parco
3940;regio-parco
3941;regio-parco
3942;regio-parco
3943;vanchiglia
3944;vanchiglia
3945;vanchiglia
3946;vanchiglia
3947;vanchiglia
3948;vanchiglia
3949;vanchiglia
3950;vanchiglia
3951;vanchiglia
3952;vanchiglia
3953;vanchiglia
3954;vanchiglia
3955;vanchiglia
3956;vanchiglia
3957;vanchiglia
3958;vanchiglia
3959;vanchiglia
3960;vanchiglia
3961;vanchiglia
3962;vanchiglia
3963;vanchiglia
3964;vanchiglia
3965;vanchiglia
3966;vanchiglia
3967;vanchiglia
3968;vanchiglia
3969;vanchiglia
3970;vanchiglia
3971;vanchiglia
3972;vanchiglia
3973;vanchiglia
3974;vanchiglia
3975;vanchiglia
3976;vanchiglia
3977;vanchiglia
3978;vanchiglia
3979;vanchiglia
3980;vanchiglia
3981;vanchiglia
3982;vanchiglia
3983;vanchiglia
3984;vanchiglia
3985;vanchiglia
3986;vanchiglia
3987;vanchiglia
3988;vanchiglia
3989;vanchiglia
3990;vanchiglia
3991;vanchiglia
3992;vanchiglia
3993;vanchiglia
3994;vanchiglia
3995;vanchiglia
3996;vanchiglia
3997;vanchiglia
3998;vanchiglia
3999;vanchiglia
4000;vanchiglia
4001;vanchiglia
4002;vanchiglia
4003;vanchiglia
4004;vanchiglia
4005;vanchiglia
4006;vanchiglia
4007;vanchiglia
4008;vanchiglia
4009;vanchiglia
4010;vanchiglia
4011;vanchiglia
4012;vanchiglia
4013;vanchiglia
4014;vanchiglia
4015;vanchiglia
4016;vanchiglia
4017;vanchiglia
4018;vanchiglia
4019;vanchiglia
4020;vanchiglia
4021;vanchiglia
4022;vanchiglia
4023;vanchiglia
4024;vanchiglia
4025;vanchiglia
4026;vanchiglia
4027;vanchiglia
4028;vanchiglia
4029;vanchiglia
4030;vanchiglia
4031;vanchiglia
4032;vanchiglia
4033;vanchiglia
4034;vanchiglia
4035;vanchiglia
4036;vanchiglia
4037;vanchiglia
4038;vanchiglia
4039;vanchiglia
4040;vanchiglia
4041;vanchiglia
4042;vanchiglia
4043;vanchiglia
4044;vanchiglia
4045;vanchiglia
4046;vanchiglia
4047;vanchiglia
4048;vanchiglia
4049;vanchiglia
4050;vanchiglia
4051;vanchiglia
4052;vanchiglia
4053;vanchiglia
4054;vanchiglia
4055;vanchiglia
4056;vanchiglia
4057;vanchiglia
4058;vanchiglia
4059;vanchiglia
4060;vanchiglia
4061;vanchiglia
4062;vanchiglia
4063;vanchiglia
4064;vanchiglia
4065;vanchiglia
4066;vanchiglia
4067;vanchiglia
4068;vanchiglia
4069;vanchiglia
4070;vanchiglia
4071;vanchiglia
4072;vanchiglia
4073;vanchiglia
4074;vanchiglia
4075;vanchiglia
4076;vanchiglia
4077;vanchiglia
4078;vanchiglia
4079;vanchiglia
4080;vanchiglia
4081;vanchiglia
4082;vanchiglia
4083;vanchiglia
4084;vanchiglia
4085;vanchiglia
4086;vanchiglia
4087;vanchiglia
4088;vanchiglia
4089;vanchiglia
4090;vanchiglia
4091;vanchiglia
4092;vanchiglia
4093;vanchiglia
4094;vanchiglia
4095;vanchiglia
4096;vanchiglia
4097;vanchiglia
4098;vanchiglia
4099;vanchiglia
4100;vanchiglia
4101;vanchiglia
4102;vanchiglia
4103;vanchiglia
4104;vanchiglia
4105;vanchiglia
4106;vanchiglia
4107;vanchiglia
4108;vanchiglia
4109;vanchiglia
4110;vanchiglia
4111;vanchiglia
4112;vanchiglia
4113;vanchiglia
4114;vanchiglia
4115;vanchiglia
4116;vanchiglia
4117;vanchiglietta
4118;vanchiglietta
4119;vanchiglietta
4120;vanchiglietta
4121;vanchiglietta
4122;vanchiglietta
4123;vanchiglietta
4124;vanchiglietta
4125;vanchiglietta
4126;vanchiglietta
4127;vanchiglietta
4128;vanchiglietta
4129;vanchiglietta
4130;vanchiglietta
4131;vanchiglietta
4132;vanchiglietta
4133;vanchiglietta
4134;vanchiglietta
4135;vanchiglietta
4136;vanchiglietta
4137;vanchiglietta
4138;vanchiglietta
4139;vanchiglietta
4140;vanchiglietta
4141;vanchiglietta
4142;vanchiglietta
4143;vanchiglietta
4144;vanchiglietta
4145;vanchiglietta
4146;vanchiglietta
4147;vanchiglietta
4148;vanchiglietta
4149;vanchiglietta
4150;vanchiglietta
4151;vanchiglietta
4152;vanchiglietta
4153;vanchiglietta
4154;vanchiglietta
4155;vanchiglietta
4156;vanchiglietta
4157;vanchiglietta
4158;vanchiglietta
4159;vanchiglietta
4160;vanchiglietta
4161;vanchiglietta
4162;vanchiglietta
4163;vanchiglietta
4164;vanchiglietta
4165;vanchiglietta
4166;vanchiglietta
4167;vanchiglietta
4168;vanchiglietta
4169;vanchiglietta
4170;vanchiglietta
4171;vanchiglietta
4172;vanchiglietta
4173;vanchiglietta
4174;vanchiglietta
4175;vanchiglietta
4176;vanchiglietta
4177;vanchiglietta
4178;vanchiglietta
4179;vanchiglietta
4180;vanchiglietta
4181;vanchiglietta
4182;vanchiglietta
4183;vanchiglietta
4184;vanchiglietta
4185;vanchiglietta
4186;vanchiglietta
4187;vanchiglietta
4188;vanchiglietta
4189;vanchiglietta
4190;vanchiglietta
4191;vanchiglietta
4192;vanchiglietta
4193;vanchiglietta
4194;vanchiglietta
4195;san-salvario
4196;san-salvario
4197;san-salvario
4198;san-salvario
4199;san-salvario
4200;san-salvario
4201;san-salvario
4202;san-salvario
4203;san-salvario
4204;san-salvario
4205;san-salvario
4206;san-salvario
4207;san-salvario
4208;san-salvario
4209;san-salvario
4210;san-salvario
4211;san-salvario
4212;san-salvario
4213;san-salvario
4214;san-salvario
4215;san-salvario
4216;san-salvario
4217;san-salvario
4218;san-salvario
4219;san-salvario
4220;san-salvario
4221;san-salvario
4222;san-salvario
4223;san-salvario
4224;san-salvario
4225;san-salvario
4226;san-salvario
4227;san-salvario
4228;san-salvario
4229;san-salvario
4230;san-salvario
4231;san-salvario
4232;san-salvario
4233;san-salvario
4234;san-salvario
4235;san-salvario
4236;san-salvario
4237;san-salvario
4238;san-salvario
4239;san-salvario
4240;san-salvario
4241;san-salvario
4242;san-salvario
4243;san-salvario
4244;san-salvario
4245;san-salvario
4246;san-salvario
4247;san-salvario
4248;san-salvario
4249;san-salvario
4250;san-salvario
4251;san-salvario
4252;san-salvario
4253;san-salvario
4254;san-salvario
4255;san-salvario
4256;san-salvario
4257;san-salvario
4258;san-salvario
4259;san-salvario
4260;san-salvario
4261;san-salvario
4262;san-salvario
4263;san-salvario
4264;san-salvario
4265;san-salvario
4266;san-salvario
4267;san-salvario
4268;san-salvario
4269;san-salvario
4270;san-salvario
4271;san-salvario
4272;san-salvario
4273;san-salvario
4274;san-salvario
4275;san-salvario
4276;san-salvario
4277;san-salvario
4278;san-salvario
4279;san-salvario
4280;san-salvario
4281;san-salvario
4282;san-salvario
4283;san-salvario
4284;san-salvario
4285;san-salvario
4286;san-salvario
4287;san-salvario
4288;san-salvario
4289;san-salvario
4290;san-salvario
4291;san-salvario
4292;san-salvario
4293;san-salvario
4294;san-salvario
4295;san-salvario
4296;san-salvario
4297;san-salvario
4298;san-salvario
4299;san-salvario
4300;san-salvario
4301;san-salvario
4302;san-salvario
4303;san-salvario
4304;san-salvario
4305;san-salvario
4306;san-salvario
4307;san-salvario
4308;san-salvario
4309;san-salvario
4310;san-salvario
4311;san-salvario
4312;san-salvario
4313;san-salvario
4314;san-salvario
4315;san-salvario
4316;san-salvario
4317;san-salvario
4318;san-salvario
4319;san-salvario
4320;san-salvario
4321;san-salvario
4322;san-salvario
4323;san-salvario
4324;san-salvario
4325;san-salvario
4326;san-salvario
4327;san-salvario
4328;san-salvario
4329;san-salvario
4330;san-salvario
4331;san-salvario
4332;san-salvario
4333;san-salvario
4334;san-salvario
4335;san-salvario
4336;san-salvario
4337;san-salvario
4338;san-salvario
4339;san-salvario
4340;san-salvario
4341;san-salvario
4342;san-salvario
4343;san-salvario
4344;san-salvario
4345;san-salvario
4346;san-salvario
4347;san-salvario
4348;san-salvario
4349;san-salvario
4350;san-salvario
4351;san-salvario
4352;san-salvario
4353;san-salvario
4354;san-salvario
4355;san-salvario
4356;san-salvario
4357;san-salvario
4358;san-salvario
4359;san-salvario
4360;san-salvario
4361;san-salvario
4362;san-salvario
4363;san-salvario
4364;san-salvario
4365;san-salvario
4366;san-salvario
4367;san-salvario
4368;san-salvario
4369;san-salvario
4370;san-salvario
4371;san-salvario
4372;san-salvario
4373;san-salvario
4374;san-salvario
4375;san-salvario
4376;san-salvario
4377;san-salvario
4378;san-salvario
4379;san-salvario
4380;san-salvario
4381;san-salvario
4382;san-salvario
4383;san-salvario
4384;san-salvario
4385;san-salvario
4386;san-salvario
4387;san-salvario
4388;san-salvario
4389;san-salvario
4390;san-salvario
4391;san-salvario
4392;san-salvario
4393;san-salvario
4394;san-salvario
4395;san-salvario
4396;san-salvario
4397;san-salvario
4398;san-salvario
4399;san-salvario
4400;san-salvario
4401;san-salvario
4402;san-salvario
4403;san-salvario
4404;san-salvario
4405;san-salvario
4406;san-salvario
4407;san-salvario
4408;san-salvario
4409;san-salvario
4410;san-salvario
4411;san-salvario
4412;san-salvario
4413;san-salvario
4414;san-salvario
4415;san-salvario
4416;san-salvario
4417;san-salvario
4418;san-salvario
4419;san-salvario
4420;san-salvario
4421;san-salvario
4422;san-salvario
4423;san-salvario
4424;san-salvario
4425;san-salvario
4426;san-salvario
4427;san-salvario
4428;san-salvario
4429;san-salvario
4430;san-salvario
4431;san-salvario
4432;san-salvario
4433;san-salvario
4434;san-salvario
4435;san-salvario
4436;san-salvario
4437;san-salvario
4438;san-salvario
4439;san-salvario
4440;san-salvario
4441;san-salvario
4442;san-salvario
4443;san-salvario
4444;san-salvario
4445;san-salvario
4446;san-salvario
4447;san-salvario
4448;san-salvario
4449;san-salvario
4450;san-salvario
4451;san-salvario
4452;san-salvario
4453;san-salvario
4454;san-salvario
4455;san-salvario
4456;san-salvario
4457;san-salvario
4458;san-salvario
4459;san-salvario
4460;san-salvario
4461;san-salvario
4462;san-salvario
4463;san-salvario
4464;san-salvario
4465;san-salvario
4466;san-salvario
4467;san-salvario
4468;san-salvario
4469;san-salvario
4470;san-salvario
4471;san-salvario
4472;san-salvario
4473;san-salvario
4474;san-salvario
4475;san-salvario
4476;san-salvario
4477;san-salvario
4478;san-salvario
4479;san-salvario
4480;san-salvario
4481;san-salvario
4482;san-salvario
4483;san-salvario
4484;san-salvario
4485;san-salvario
4486;san-salvario
4487;san-salvario
4488;san-salvario
4489;san-salvario
4490;san-salvario
4491;san-salvario
4492;san-salvario
4493;san-salvario
4494;san-salvario
4495;san-salvario
4496;san-salvario
4497;san-salvario
4498;san-salvario
4499;san-salvario
4500;san-salvario
4501;san-salvario
4502;san-salvario
4503;san-salvario
4504;san-salvario
4505;san-salvario
4506;san-salvario
4507;san-salvario
4508;san-salvario
4509;san-salvario
4510;san-salvario
4511;san-salvario
4512;san-salvario
4513;san-salvario
4514;san-salvario
4515;san-salvario
4516;san-salvario
4517;san-salvario
4518;san-salvario
4519;san-salvario
4520;san-salvario
4521;san-salvario
4522;san-salvario
4523;san-salvario
4524;san-salvario
4525;san-salvario
4526;san-salvario
4527;san-salvario
4528;san-salvario
4529;san-salvario
4530;san-salvario
4531;san-salvario
4532;san-salvario
4533;san-salvario
4534;san-salvario
4535;san-salvario
4536;san-salvario
4537;san-salvario
4538;san-salvario
4539;san-salvario
4540;san-salvario
4541;san-salvario
4542;san-salvario
4543;san-salvario
4544;san-salvario
4545;san-salvario
4546;san-salvario
4547;san-salvario
4548;san-salvario
4549;san-salvario
4550;san-salvario
4551;san-salvario
4552;san-salvario
4553;san-salvario
4554;san-salvario
4555;san-salvario
4556;san-salvario
4557;san-salvario
4558;san-salvario
4559;san-salvario
4560;san-salvario
4561;san-salvario
4562;san-salvario
4563;san-salvario
4564;san-salvario
4565;san-salvario
4566;san-salvario
4567;san-salvario
4568;san-salvario
4569;san-salvario
4570;san-salvario
4571;san-salvario
4572;san-salvario
4573;san-salvario
4574;san-salvario
4575;san-salvario
4576;san-salvario
4577;san-salvario
4578;san-salvario
4579;san-salvario
4580;san-salvario
4581;san-salvario
4582;san-salvario
4583;san-salvario
4584;san-salvario
4585;san-salvario
4586;san-salvario
4587;san-salvario
4588;san-salvario
4589;san-salvario
4590;san-salvario
4591;san-salvario
4592;san-salvario
4593;san-salvario
4594;san-salvario
4595;san-salvario
4596;san-salvario
4597;san-salvario
4598;san-salvario
4599;san-salvario
4600;san-salvario
4601;san-salvario
4602;san-salvario
4603;san-salvario
4604;san-salvario
4605;san-salvario
4606;san-salvario
4607;san-salvario
4608;san-salvario
4609;san-salvario
4610;san-salvario
4611;san-salvario
4612;san-salvario
4613;san-salvario
4614;san-salvario
4615;san-salvario
4616;san-salvario
4617;san-salvario
4618;san-salvario
4619;san-salvario
4620;san-salvario
4621;san-salvario
4622;san-salvario
4623;san-salvario
4624;san-salvario
4625;san-salvario
4626;san-salvario
4627;san-salvario
4628;san-salvario
4629;san-salvario
4630;san-salvario
4631;san-salvario
4632;san-salvario
4633;san-salvario
4634;san-salvario
4635;san-salvario
4636;san-salvario
4637;san-salvario
4638;san-salvario
4639;san-salvario
4640;san-salvario
4641;san-salvario
4642;san-salvario
4643;san-salvario
4644;san-salvario
4645;san-salvario
4646;san-salvario
4647;san-salvario
4648;san-salvario
4649;san-salvario
4650;san-salvario
4651;san-salvario
4652;santa-rita
4653;santa-rita
4654;santa-rita
4655;santa-rita
4656;santa-rita
4657;santa-rita
4658;santa-rita
4659;santa-rita
4660;santa-rita
4661;santa-rita
4662;santa-rita
4663;santa-rita
4664;santa-rita
4665;santa-rita
4666;santa-rita
4667;santa-rita
4668;santa-rita
4669;santa-rita
4670;santa-rita
4671;santa-rita
4672;santa-rita
4673;santa-rita
4674;santa-rita
4675;santa-rita
4676;santa-rita
4677;santa-rita
4678;santa-rita
4679;santa-rita
4680;santa-rita
4681;santa-rita
4682;santa-rita
4683;santa-rita
4684;santa-rita
4685;santa-rita
4686;santa-rita
4687;santa-rita
4688;santa-rita
4689;santa-rita
4690;santa-rita
4691;santa-rita
4692;santa-rita
4693;santa-rita
4694;santa-rita
4695;santa-rita
4696;santa-rita
4697;santa-rita
4698;santa-rita
4699;santa-rita
4700;santa-rita
4701;santa-rita
4702;santa-rita
4703;santa-rita
4704;santa-rita
4705;santa-rita
4706;santa-rita
4707;santa-rita
4708;santa-rita
4709;santa-rita
4710;santa-rita
4711;santa-rita
4712;santa-rita
4713;santa-rita
4714;santa-rita
4715;santa-rita
4716;santa-rita
4717;santa-rita
4718;santa-rita
4719;santa-rita
4720;santa-rita
4721;santa-rita
4722;santa-rita
4723;santa-rita
4724;santa-rita
4725;santa-rita
4726;santa-rita
4727;santa-rita
4728;santa-rita
4729;santa-rita
4730;santa-rita
4731;santa-rita
4732;santa-rita
4733;santa-rita
4734;santa-rita
4735;santa-rita
4736;santa-rita
4737;santa-rita
4738;santa-rita
4739;santa-rita
4740;santa-rita
4741;santa-rita
4742;santa-rita
4743;santa-rita
4744;santa-rita
4745;santa-rita
4746;santa-rita
4747;santa-rita
4748;santa-rita
4749;santa-rita
4750;santa-rita
4751;santa-rita
4752;santa-rita
4753;santa-rita
4754;santa-rita
4755;santa-rita
4756;santa-rita
4757;santa-rita
4758;santa-rita
4759;santa-rita
4760;santa-rita
4761;santa-rita
4762;santa-rita
4763;santa-rita
4764;santa-rita
4765;santa-rita
4766;santa-rita
4767;santa-rita
4768;santa-rita
4769;santa-rita
4770;santa-rita
4771;santa-rita
4772;santa-rita
4773;santa-rita
4774;santa-rita
4775;santa-rita
4776;santa-rita
4777;santa-rita
4778;santa-rita
4779;santa-rita
4780;santa-rita
4781;santa-rita
4782;santa-rita
4783;santa-rita
4784;santa-rita
4785;santa-rita
4786;santa-rita
4787;santa-rita
4788;santa-rita
4789;santa-rita
4790;santa-rita
4791;santa-rita
4792;santa-rita
4793;santa-rita
4794;santa-rita
4795;santa-rita
4796;santa-rita
4797;santa-rita
4798;santa-rita
4799;santa-rita
4800;santa-rita
4801;santa-rita
4802;santa-rita
4803;santa-rita
4804;santa-rita
4805;santa-rita
4806;santa-rita
4807;santa-rita
4808;santa-rita
4809;santa-rita
4810;santa-rita
4811;santa-rita
4812;santa-rita
4813;santa-rita
4814;santa-rita
4815;santa-rita
4816;santa-rita
4817;santa-rita
4818;santa-rita
4819;santa-rita
4820;santa-rita
4821;santa-rita
4822;santa-rita
4823;santa-rita
4824;santa-rita
4825;santa-rita
4826;santa-rita
4827;santa-rita
4828;santa-rita
4829;santa-rita
4830;santa-rita
4831;santa-rita
4832;santa-rita
4833;santa-rita
4834;santa-rita
4835;santa-rita
4836;santa-rita
4837;santa-rita
4838;santa-rita
4839;santa-rita
4840;santa-rita
4841;santa-rita
4842;santa-rita
4843;santa-rita
4844;santa-rita
4845;santa-rita
4846;santa-rita
4847;santa-rita
4848;santa-rita
4849;santa-rita
4850;santa-rita
4851;santa-rita
4852;santa-rita
4853;santa-rita
4854;santa-rita
4855;santa-rita
4856;santa-rita
4857;santa-rita
4858;santa-rita
4859;santa-rita
4860;santa-rita
4861;santa-rita
4862;santa-rita
4863;santa-rita
4864;santa-rita
4865;santa-rita
4866;santa-rita
4867;santa-rita
4868;santa-rita
4869;santa-rita
4870;santa-rita
4871;santa-rita
4872;santa-rita
4873;santa-rita
4874;santa-rita
4875;santa-rita
4876;santa-rita
4877;santa-rita
4878;santa-rita
4879;santa-rita
4880;santa-rita
4881;santa-rita
4882;santa-rita
4883;santa-rita
4884;santa-rita
4885;santa-rita
4886;santa-rita
4887;santa-rita
4888;santa-rita
4889;santa-rita
4890;santa-rita
4891;santa-rita
4892;santa-rita
4893;santa-rita
4894;santa-rita
4895;santa-rita
4896;santa-rita
4897;santa-rita
4898;santa-rita
4899;santa-rita
4900;santa-rita
4901;santa-rita
4902;santa-rita
4903;santa-rita
4904;santa-rita
4905;santa-rita
4906;santa-rita
4907;santa-rita
4908;santa-rita
4909;santa-rita
4910;santa-rita
4911;santa-rita
4912;santa-rita
4913;santa-rita
4914;santa-rita
4915;santa-rita
4916;santa-rita
4917;santa-rita
4918;santa-rita
4919;santa-rita
4920;santa-rita
4921;santa-rita
4922;santa-rita
4923;santa-rita
4924;santa-rita
4925;santa-rita
4926;santa-rita
4927;santa-rita
4928;santa-rita
4929;santa-rita
4930;santa-rita
4931;santa-rita
4932;santa-rita
4933;santa-rita
4934;santa-rita
4935;santa-rita
4936;santa-rita
4937;santa-rita
4938;santa-rita
4939;santa-rita
4940;santa-rita
4941;santa-rita
4942;santa-rita
4943;santa-rita
4944;santa-rita
4945;santa-rita
4946;santa-rita
4947;santa-rita
4948;santa-rita
4949;santa-rita
4950;santa-rita
4951;santa-rita
4952;santa-rita
4953;santa-rita
4954;santa-rita
4955;santa-rita
4956;santa-rita
4957;santa-rita
4958;santa-rita
4959;santa-rita
4960;santa-rita
4961;santa-rita
4962;santa-rita
4963;santa-rita
4964;santa-rita
4965;santa-rita
4966;santa-rita
4967;santa-rita
4968;santa-rita
4969;santa-rita
4970;santa-rita
4971;santa-rita
4972;santa-rita
4973;santa-rita
4974;santa-rita
4975;santa-rita
4976;santa-rita
4977;santa-rita
4978;santa-rita
4979;santa-rita
4980;santa-rita
4981;santa-rita
4982;santa-rita
4983;santa-rita
4984;santa-rita
4985;mirafiori-nord
4986;mirafiori-nord
4987;mirafiori-nord
4988;mirafiori-nord
4989;mirafiori-nord
4990;mirafiori-nord
4991;mirafiori-nord
4992;mirafiori-nord
4993;mirafiori-nord
4994;mirafiori-nord
4995;mirafiori-nord
4996;mirafiori-nord
4997;mirafiori-nord
4998;mirafiori-nord
4999;mirafiori-nord
5000;mirafiori-nord
5001;mirafiori-nord
5002;mirafiori-nord
5003;mirafiori-nord
5004;mirafiori-nord
5005;mirafiori-nord
5006;mirafiori-nord
5007;mirafiori-nord
5008;mirafiori-nord
5009;mirafiori-nord
5010;mirafiori-nord
5011;mirafiori-nord
5012;mirafiori-nord
5013;mirafiori-nord
5014;mirafiori-nord
5015;mirafiori-nord
5016;mirafiori-nord
5017;mirafiori-nord
5018;mirafiori-nord
5019;mirafiori-nord
5020;mirafiori-nord
5021;mirafiori-nord
5022;mirafiori-nord
5023;mirafiori-nord
5024;mirafiori-nord
5025;mirafiori-nord
5026;mirafiori-nord
5027;mirafiori-nord
5028;mirafiori-nord
5029;mirafiori-nord
5030;mirafiori-nord
5031;mirafiori-nord
5032;mirafiori-nord
5033;mirafiori-nord
5034;mirafiori-nord
5035;mirafiori-nord
5036;mirafiori-nord
5037;mirafiori-nord
5038;mirafiori-nord
5039;mirafiori-nord
5040;mirafiori-nord
5041;mirafiori-nord
5042;mirafiori-nord
5043;mirafiori-nord
5044;mirafiori-nord
5045;mirafiori-nord
5046;mirafiori-nord
5047;mirafiori-nord
5048;mirafiori-nord
5049;mirafiori-nord
5050;mirafiori-nord
5051;mirafiori-nord
5052;mirafiori-nord
5053;mirafiori-nord
5054;mirafiori-nord
5055;mirafiori-nord
5056;mirafiori-nord
5057;mirafiori-nord
5058;mirafiori-nord
5059;mirafiori-nord
5060;mirafiori-nord
